id,binary_pred,phq9_pred
1,1,16.99767401
5,1,5.10076205
7,1,7.80055778
13,0,4.79942606
15,1,5.79990731
22,0,2.50068399
28,0,2.00085036
33,0,1.00085758
34,1,8.49835909
40,0,4.40072556
42,1,9.79884062
44,0,3.00064011
47,1,7.09920874
58,0,3.40031199
74,1,11.19922350
83,0,0.60069161
85,1,13.99945663
89,1,9.19918502
90,1,6.40123499
93,0,0.20132899
105,0,1.49994857
110,0,3.80020855
