id,ternary_pred,phq9_pred
1,2,15.99601039
5,1,5.68609942
7,1,7.99259153
13,1,6.28435162
15,1,5.12881394
22,0,2.98738183
28,0,1.56036956
33,0,1.02801560
34,1,6.06283086
40,0,0.93866792
42,1,6.51542997
44,0,3.92618014
47,0,0.04016286
58,0,0.00142807
74,2,10.16710767
83,0,1.92329117
85,2,16.99910943
89,1,5.00080934
90,1,6.13078984
93,0,3.84437178
105,0,2.89592388
110,0,0.68235319
