id,ternary_pred,phq9_pred
1,0,3.55021785
5,0,3.57623025
7,1,10.90640897
13,0,3.32538044
15,0,0.62415866
22,0,2.83176509
28,0,1.61653208
33,0,2.27403238
34,1,7.71470220
40,0,0.97449847
42,1,6.81912919
44,0,1.91510248
47,0,1.71037054
58,0,1.44657982
74,1,9.36866931
83,1,6.72230173
85,2,16.38253101
89,1,11.75320176
90,0,0.11257781
93,1,11.97659582
105,0,0.67389474
110,0,2.12202643
