id,ternary_pred,phq9_pred
1,2,10.00000000
5,0,4.00000000
7,1,8.00000000
13,1,6.00000000
15,0,2.00000000
22,0,3.00000000
28,0,1.00000000
33,0,4.00000000
34,1,7.00000000
40,1,5.00000000
42,2,11.00000000
44,0,2.00000000
47,1,9.00000000
58,0,2.00000000
74,1,6.00000000
83,0,3.00000000
85,2,13.00000000
89,1,5.00000000
90,0,1.00000000
93,0,4.00000000
105,0,0.00000000
110,1,6.00000000
