id,ternary_pred,phq9_pred
1,2,16.99764834
5,1,5.10077726
7,1,7.80076276
13,1,7.09905238
15,1,5.80013416
22,0,2.50068618
28,0,2.00092746
33,0,1.00074344
34,1,8.49833788
40,0,4.40055808
42,1,9.79889699
44,0,3.00064447
47,0,4.79946516
58,0,3.40031626
74,2,11.19911263
83,0,0.60080110
85,2,13.99940499
89,1,9.19923553
90,1,6.40120055
93,0,0.20123829
105,0,1.49995236
110,0,3.80017597
