id,ternary_pred,phq9_pred
1,2,17.00000000
5,1,5.10000000
7,1,7.80000000
13,0,4.80000000
15,1,5.80000000
22,0,2.50000000
28,0,2.00000000
33,0,1.00000000
34,1,8.50000000
40,0,4.40000000
42,1,9.80000000
44,0,3.00000000
47,1,7.10000000
58,0,3.40000000
74,2,11.20000000
83,0,0.60000000
85,2,14.00000000
89,1,9.20000000
90,1,6.40000000
93,0,0.20000000
105,0,1.50000000
110,0,3.80000000
