id,ternary_pred,phq9_pred
1,2,17.00000000
5,1,5.00000000
7,1,8.00000000
13,1,7.00000000
15,1,6.00000000
22,0,3.00000000
28,0,2.00000000
33,0,1.00000000
34,1,9.00000000
40,0,4.00000000
42,1,9.00000000
44,0,3.00000000
47,0,4.00000000
58,0,3.00000000
74,2,11.00000000
83,0,1.00000000
85,2,16.00000000
89,1,9.00000000
90,1,6.00000000
93,0,0.00000000
105,0,2.00000000
110,0,4.00000000
