id,ternary_pred,phq9_pred
1,0,4.85023754
5,0,2.71364287
7,2,12.72631457
13,0,4.40608035
15,0,1.30246917
22,0,1.90702297
28,0,0.79401692
33,0,2.15881640
34,1,7.16320712
40,0,1.10881511
42,1,6.08017544
44,0,1.24942031
47,2,13.11655348
58,0,1.12304122
74,1,6.18021282
83,0,2.11258016
85,2,9.80820564
89,0,3.70439883
90,0,0.65211257
93,2,16.30409543
105,0,0.47808008
110,0,4.25279053
