id,binary_pred,phq9_pred
1,0,4.85129548
5,0,2.71328312
7,1,12.72785129
13,0,4.40669740
15,0,1.30118034
22,0,1.90649607
28,0,0.79446026
33,0,2.15849961
34,1,7.16417830
40,0,1.10809250
42,1,6.08077672
44,0,1.24792222
47,1,13.11802319
58,0,1.12149352
74,1,6.17938089
83,0,2.11222839
85,1,9.80789656
89,0,3.70486723
90,0,0.65095409
93,1,16.30605545
105,0,0.47806721
110,0,4.25241792
