id,binary_pred,phq9_pred
1,1,15.99800000
5,1,5.68500000
7,1,7.99200000
13,1,6.28500000
15,1,5.12900000
22,0,2.98700000
28,0,1.56000000
33,0,1.02800000
34,1,6.06400000
40,0,0.93800000
42,1,6.51600000
44,0,3.92600000
47,0,0.04000000
58,0,0.00000000
74,1,10.16800000
83,0,1.92300000
85,1,17.00000000
89,1,5.00100000
90,1,6.13000000
93,0,3.84400000
105,0,2.89600000
110,0,0.68200000
