id,ternary_pred,phq9_pred
1,2,16.99773811
5,1,5.00089188
7,1,8.00078831
13,1,6.99906575
15,1,6.00004421
22,0,3.00061766
28,0,2.00086354
33,0,1.00054382
34,1,8.99824271
40,0,4.00068127
42,1,8.99895550
44,0,3.00058640
47,0,3.99954115
58,0,3.00062325
74,2,10.99909160
83,0,1.00063139
85,2,16.99906751
89,1,8.99929474
90,1,6.00128174
93,0,0.00146598
105,0,1.99994075
110,0,4.00013978
