id,binary_pred,phq9_pred
1,1,9.99864155
5,0,4.00035570
7,1,7.99989102
13,1,5.99881544
15,0,2.00119733
22,0,3.00053555
28,0,1.00022266
33,0,4.00003953
34,1,6.99868808
40,1,5.00087366
42,1,10.99888043
44,0,2.00097311
47,1,8.99886170
58,0,2.00083740
74,1,6.00020949
83,0,3.00040726
85,1,12.99921572
89,1,4.99919968
90,0,1.00159808
93,0,4.00066421
105,0,0.00003224
110,1,6.00004990
