id,ternary_pred,phq9_pred
1,0,3.55059701
5,0,3.57609340
7,1,10.90713324
13,0,3.32573002
15,0,0.62333941
22,0,2.83160074
28,0,1.61670261
33,0,2.27449404
34,1,7.71543107
40,0,0.97334939
42,1,6.81966248
44,0,1.91406158
47,0,1.71061930
58,0,1.44449229
74,1,9.36942966
83,1,6.72343418
85,2,16.38298583
89,1,11.75471187
90,0,0.11030872
93,1,11.97703284
105,0,0.67390120
110,0,2.12167925
