id,ternary_pred,phq9_pred
1,0,1.89400368
5,0,2.68505575
7,2,13.14413410
13,0,2.22398744
15,0,1.36602193
22,0,1.03397392
28,0,2.01397531
33,0,2.45293829
34,0,3.74000699
40,0,1.87840188
42,1,6.93647144
44,0,2.44330656
47,1,5.40943298
58,0,3.75658825
74,1,6.81354656
83,1,7.51983152
85,1,9.35403095
89,1,5.88374500
90,0,2.34381646
93,2,17.94734810
105,0,1.01199728
110,0,0.62753289
