id,ternary_pred,phq9_pred
1,2,16.99772930
5,1,5.00087753
7,1,8.00074226
13,1,6.99909000
15,1,6.00005378
22,0,3.00062146
28,0,2.00088802
33,0,1.00055939
34,1,8.99825731
40,0,4.00067241
42,1,8.99897271
44,0,3.00059078
47,0,3.99954295
58,0,3.00057994
74,2,10.99905084
83,0,1.00064393
85,2,15.99916838
89,1,8.99928339
90,1,6.00126726
93,0,0.00142276
105,0,1.99993824
110,0,4.00013803
