id,ternary_pred,phq9_pred
1,2,16.99771572
5,1,5.10072310
7,1,7.80036056
13,1,5.79878062
15,0,2.50086619
22,0,3.00058973
28,0,2.00089557
33,0,1.00079500
34,1,8.49840829
40,0,4.80066310
42,1,9.79888713
44,0,3.40052056
47,1,7.09908690
58,0,3.80023726
74,2,11.19924928
83,0,0.60085588
85,2,13.99948221
89,1,9.19914530
90,1,6.40129414
93,0,0.20147370
105,0,1.49997494
110,0,4.40012803
