id,binary_pred,phq9_pred
1,0,1.89378324
5,0,2.68505176
7,1,13.14281020
13,0,2.22434029
15,0,1.36649427
22,0,1.03425978
28,0,2.01328480
33,0,2.45321299
34,0,3.74013101
40,0,1.87889075
42,1,6.93616950
44,0,2.44443860
47,1,5.40908551
58,0,3.75773150
74,1,6.81415093
83,1,7.51909083
85,1,9.35463786
89,1,5.88319544
90,0,2.34445931
93,1,17.94485858
105,0,1.01202810
110,0,0.62809921
